{
  "metadata": {
    "generated_at": "2025-08-13T12:41:20.795723",
    "report_version": "1.0",
    "generator": "Visual AI Regression Module"
  },
  "configuration": {
    "url1": "https://httpbin.org/html",
    "url2": "https://httpbin.org/html",
    "browser": "chrome",
    "resolution": "1280x720",
    "visual_comparison": true,
    "ai_analysis": false,
    "wcag_analysis": false,
    "capture_screenshots": true
  },
  "analysis_results": {
    "similarity_score": 1.0,
    "ssim": 1.0,
    "mse": 0.0,
    "psnr": Infinity,
    "pixel_metrics": {
      "total_pixels": 724272,
      "different_pixels": 0,
      "pixel_difference_percentage": 0.0,
      "avg_pixel_difference": 0.0,
      "max_pixel_difference": "0"
    },
    "overall_similarity_percentage": 100.0,
    "diff_image": "[[255 255 255 ... 255 255 255]\n [255 255 255 ... 255 255 255]\n [255 255 255 ... 255 255 255]\n ...\n [255 255 255 ... 255 255 255]\n [255 255 255 ... 255 255 255]\n [255 255 255 ... 255 255 255]]",
    "layout_shifts": [],
    "color_differences": [],
    "color_diff_image": "[[[0 0 0]\n  [0 0 0]\n  [0 0 0]\n  ...\n  [0 0 0]\n  [0 0 0]\n  [0 0 0]]\n\n [[0 0 0]\n  [0 0 0]\n  [0 0 0]\n  ...\n  [0 0 0]\n  [0 0 0]\n  [0 0 0]]\n\n [[0 0 0]\n  [0 0 0]\n  [0 0 0]\n  ...\n  [0 0 0]\n  [0 0 0]\n  [0 0 0]]\n\n ...\n\n [[0 0 0]\n  [0 0 0]\n  [0 0 0]\n  ...\n  [0 0 0]\n  [0 0 0]\n  [0 0 0]]\n\n [[0 0 0]\n  [0 0 0]\n  [0 0 0]\n  ...\n  [0 0 0]\n  [0 0 0]\n  [0 0 0]]\n\n [[0 0 0]\n  [0 0 0]\n  [0 0 0]\n  ...\n  [0 0 0]\n  [0 0 0]\n  [0 0 0]]]",
    "missing_elements": [],
    "new_elements": [],
    "elements_diff_image": "[[0 0 0 ... 0 0 0]\n [0 0 0 ... 0 0 0]\n [0 0 0 ... 0 0 0]\n ...\n [0 0 0 ... 0 0 0]\n [0 0 0 ... 0 0 0]\n [0 0 0 ... 0 0 0]]",
    "overlapping_elements": [],
    "heatmap_path": "visualizations\\20250813_124120\\difference_heatmap.png",
    "screenshots": {
      "url1": "screenshots\\20250813_124107\\url1_screenshot.png",
      "url2": "screenshots\\20250813_124107\\url2_screenshot.png"
    },
    "summary_dict": {
      "similarity_score": 1.0,
      "ssim": 1.0,
      "mse": 0.0,
      "psnr": Infinity,
      "pixel_difference_percentage": 0.0,
      "different_pixels": 0,
      "total_pixels": 724272,
      "avg_pixel_difference": 0.0,
      "max_pixel_difference": "0",
      "layout_differences": 0,
      "color_differences": 0,
      "missing_elements": 0,
      "new_elements": 0,
      "element_changes": 0
    },
    "duration": "19.7 seconds",
    "timestamp": "2025-08-13 12:41:20"
  },
  "summary": {
    "total_differences": 0,
    "similarity_score": 1.0,
    "has_significant_changes": "False"
  }
}