{
  "metadata": {
    "generated_at": "2025-08-13T13:11:26.905417",
    "report_version": "1.0",
    "generator": "Visual AI Regression Module"
  },
  "configuration": {
    "url1": "https://example.com",
    "url2": "https://example.com",
    "browser": "chrome",
    "resolution": "1920x1080",
    "layout_shift": true,
    "font_color": true,
    "element_detection": true,
    "ai_analysis": true,
    "wcag_analysis": true
  },
  "analysis_results": {
    "similarity_score": 1.0,
    "ssim": 1.0,
    "mse": 0.0,
    "psnr": Infinity,
    "pixel_metrics": {
      "total_pixels": 1776432,
      "different_pixels": 0,
      "pixel_difference_percentage": 0.0,
      "avg_pixel_difference": 0.0,
      "max_pixel_difference": "0"
    },
    "overall_similarity_percentage": 100.0,
    "diff_image": "[[255 255 255 ... 255 255 255]\n [255 255 255 ... 255 255 255]\n [255 255 255 ... 255 255 255]\n ...\n [255 255 255 ... 255 255 255]\n [255 255 255 ... 255 255 255]\n [255 255 255 ... 255 255 255]]",
    "layout_shifts": [],
    "color_differences": [],
    "color_diff_image": "[[[0 0 0]\n  [0 0 0]\n  [0 0 0]\n  ...\n  [0 0 0]\n  [0 0 0]\n  [0 0 0]]\n\n [[0 0 0]\n  [0 0 0]\n  [0 0 0]\n  ...\n  [0 0 0]\n  [0 0 0]\n  [0 0 0]]\n\n [[0 0 0]\n  [0 0 0]\n  [0 0 0]\n  ...\n  [0 0 0]\n  [0 0 0]\n  [0 0 0]]\n\n ...\n\n [[0 0 0]\n  [0 0 0]\n  [0 0 0]\n  ...\n  [0 0 0]\n  [0 0 0]\n  [0 0 0]]\n\n [[0 0 0]\n  [0 0 0]\n  [0 0 0]\n  ...\n  [0 0 0]\n  [0 0 0]\n  [0 0 0]]\n\n [[0 0 0]\n  [0 0 0]\n  [0 0 0]\n  ...\n  [0 0 0]\n  [0 0 0]\n  [0 0 0]]]",
    "missing_elements": [],
    "new_elements": [],
    "elements_diff_image": "[[0 0 0 ... 0 0 0]\n [0 0 0 ... 0 0 0]\n [0 0 0 ... 0 0 0]\n ...\n [0 0 0 ... 0 0 0]\n [0 0 0 ... 0 0 0]\n [0 0 0 ... 0 0 0]]",
    "overlapping_elements": [],
    "ai_analysis": {
      "anomaly_detected": "False",
      "feature_distance": 0.0,
      "cluster_labels": [
        -1,
        -1
      ],
      "confidence": 0.0,
      "semantic_analysis": {
        "layout_changes": [],
        "content_changes": [],
        "style_changes": [],
        "structural_changes": []
      }
    },
    "wcag_analysis": {
      "url1": {
        "url": "https://example.com",
        "timestamp": "2025-08-13T13:11:25.035358",
        "wcag_version": "2.2",
        "compliance_level": "AA",
        "total_issues": 8,
        "critical_issues": 0,
        "compliance_score": 92.5,
        "categories": {
          "perceivable": {
            "score": 90,
            "issues": [
              {
                "guideline": "1.4.3",
                "level": "AA",
                "description": "Low color contrast detected on page",
                "element": "Overall page contrast",
                "impact": "major"
              },
              {
                "guideline": "1.4.3",
                "level": "AA",
                "description": "Low color contrast ratio: 1.00:1 (minimum: 4.5:1)",
                "element": "h1",
                "impact": "major"
              },
              {
                "guideline": "1.4.3",
                "level": "AA",
                "description": "Low color contrast ratio: 1.00:1 (minimum: 4.5:1)",
                "element": "p",
                "impact": "major"
              },
              {
                "guideline": "1.4.3",
                "level": "AA",
                "description": "Low color contrast ratio: 1.00:1 (minimum: 4.5:1)",
                "element": "p",
                "impact": "major"
              },
              {
                "guideline": "1.4.3",
                "level": "AA",
                "description": "Low color contrast ratio: 2.49:1 (minimum: 4.5:1)",
                "element": "a",
                "impact": "major"
              },
              {
                "guideline": "1.4.1",
                "level": "A",
                "description": "Significant contrast loss for deuteranopia users: 53.7%",
                "element": "Color-dependent content",
                "impact": "major"
              }
            ]
          },
          "operable": {
            "score": 90,
            "issues": [
              {
                "guideline": "2.4.1",
                "level": "A",
                "description": "Page missing skip navigation links",
                "element": "Page structure",
                "impact": "moderate"
              }
            ]
          },
          "understandable": {
            "score": 90,
            "issues": [
              {
                "guideline": "3.1.1",
                "level": "A",
                "description": "Page missing language declaration",
                "element": "HTML element",
                "impact": "major"
              }
            ]
          },
          "robust": {
            "score": 100,
            "issues": []
          }
        },
        "detailed_analysis": {},
        "wcag_22_features": {
          "target_size_compliant": true,
          "focus_appearance_score": 100,
          "dragging_alternative_score": 100
        },
        "accessibility_heatmap": "visualizations\\20250813_131125\\accessibility_heatmap.png",
        "report_path": "reports\\wcag_report_20250813_131125_https_example.com.json"
      },
      "url2": {
        "url": "https://example.com",
        "timestamp": "2025-08-13T13:11:25.987783",
        "wcag_version": "2.2",
        "compliance_level": "AA",
        "total_issues": 8,
        "critical_issues": 0,
        "compliance_score": 92.5,
        "categories": {
          "perceivable": {
            "score": 90,
            "issues": [
              {
                "guideline": "1.4.3",
                "level": "AA",
                "description": "Low color contrast detected on page",
                "element": "Overall page contrast",
                "impact": "major"
              },
              {
                "guideline": "1.4.3",
                "level": "AA",
                "description": "Low color contrast ratio: 1.00:1 (minimum: 4.5:1)",
                "element": "h1",
                "impact": "major"
              },
              {
                "guideline": "1.4.3",
                "level": "AA",
                "description": "Low color contrast ratio: 1.00:1 (minimum: 4.5:1)",
                "element": "p",
                "impact": "major"
              },
              {
                "guideline": "1.4.3",
                "level": "AA",
                "description": "Low color contrast ratio: 1.00:1 (minimum: 4.5:1)",
                "element": "p",
                "impact": "major"
              },
              {
                "guideline": "1.4.3",
                "level": "AA",
                "description": "Low color contrast ratio: 2.49:1 (minimum: 4.5:1)",
                "element": "a",
                "impact": "major"
              },
              {
                "guideline": "1.4.1",
                "level": "A",
                "description": "Significant contrast loss for deuteranopia users: 53.7%",
                "element": "Color-dependent content",
                "impact": "major"
              }
            ]
          },
          "operable": {
            "score": 90,
            "issues": [
              {
                "guideline": "2.4.1",
                "level": "A",
                "description": "Page missing skip navigation links",
                "element": "Page structure",
                "impact": "moderate"
              }
            ]
          },
          "understandable": {
            "score": 90,
            "issues": [
              {
                "guideline": "3.1.1",
                "level": "A",
                "description": "Page missing language declaration",
                "element": "HTML element",
                "impact": "major"
              }
            ]
          },
          "robust": {
            "score": 100,
            "issues": []
          }
        },
        "detailed_analysis": {},
        "wcag_22_features": {
          "target_size_compliant": true,
          "focus_appearance_score": 100,
          "dragging_alternative_score": 100
        },
        "accessibility_heatmap": "visualizations\\20250813_131126\\accessibility_heatmap.png",
        "report_path": "reports\\wcag_report_20250813_131126_https_example.com.json"
      },
      "comparison": {
        "score_difference": 0.0,
        "level_comparison": {
          "url1": "AA",
          "url2": "AA"
        },
        "issue_comparison": {
          "url1_issues": 8,
          "url2_issues": 8,
          "difference": 0
        },
        "critical_issues_comparison": {
          "url1_critical": 0,
          "url2_critical": 0,
          "difference": 0
        },
        "category_comparison": {
          "perceivable": {
            "url1_score": 90,
            "url2_score": 90,
            "difference": 0
          },
          "operable": {
            "url1_score": 90,
            "url2_score": 90,
            "difference": 0
          },
          "understandable": {
            "url1_score": 90,
            "url2_score": 90,
            "difference": 0
          },
          "robust": {
            "url1_score": 100,
            "url2_score": 100,
            "difference": 0
          }
        },
        "assessment": "URLs have similar accessibility levels"
      }
    },
    "heatmap_path": "visualizations\\20250813_131126\\difference_heatmap.png",
    "screenshots": {
      "url1": "screenshots\\20250813_131057\\url1_screenshot.png",
      "url2": "screenshots\\20250813_131057\\url2_screenshot.png"
    },
    "summary_dict": {
      "similarity_score": 1.0,
      "ssim": 1.0,
      "mse": 0.0,
      "psnr": Infinity,
      "pixel_difference_percentage": 0.0,
      "different_pixels": 0,
      "total_pixels": 1776432,
      "avg_pixel_difference": 0.0,
      "max_pixel_difference": "0",
      "layout_differences": 0,
      "color_differences": 0,
      "missing_elements": 0,
      "new_elements": 0,
      "element_changes": 0,
      "ai_anomalies": 0,
      "wcag_url1_score": 92.5,
      "wcag_url2_score": 92.5,
      "wcag_url1_level": "AA",
      "wcag_url2_level": "AA",
      "wcag_url1_issues": 8,
      "wcag_url2_issues": 8
    },
    "duration": "35.0 seconds",
    "timestamp": "2025-08-13 13:11:26"
  },
  "summary": {
    "total_differences": 0,
    "similarity_score": 1.0,
    "has_significant_changes": "False"
  }
}